<?xml version="1.0" encoding="UTF-8"?><!-- Copyright 2011 Bluetooth SIG, Inc. All rights reserved. -->
<Service xsi:noNamespaceSchemaLocation="http://schemas.bluetooth.org/Documents/service.xsd"
         xmlns:xsi="http://www.w3.org/2001/XMLSchema-instance" name="Current Time Service"
         type="org.bluetooth.service.current_time" uuid="1805" last-modified="10-07-2014" approved="Yes">
    <InformativeText>
        <Abstract>
            This service defines how the current time can be exposed using the Generic Attribute Profile (GATT).
        </Abstract>
        <Summary>
            Many Bluetooth devices have the ability to store and show time information. This service defines how a
            Bluetooth device can expose time information to other Bluetooth devices.
        </Summary>
    </InformativeText>
    <Dependencies>
        <Dependency>This service has no dependencies on other GATT-based services.</Dependency>
    </Dependencies>
    <GATTRequirements>
        <Requirement subProcedure="Notification">Mandatory</Requirement>
        <Requirement subProcedure="Read Characteristic Descriptors">Mandatory</Requirement>
        <Requirement subProcedure="Write Characteristic Descriptors">Mandatory</Requirement>
    </GATTRequirements>
    <Transports>
        <Classic>false</Classic>
        <LowEnergy>true</LowEnergy>
    </Transports>
    <ErrorCodes></ErrorCodes>
    <Characteristics>
        <Characteristic name="Current Time" type="org.bluetooth.characteristic.current_time">
            <Requirement>Mandatory</Requirement>
            <Properties>
                <Read>Mandatory</Read>
                <Write>Optional</Write>
                <WriteWithoutResponse>Excluded</WriteWithoutResponse>
                <SignedWrite>Excluded</SignedWrite>
                <ReliableWrite>Excluded</ReliableWrite>
                <Notify>Mandatory</Notify>
                <Indicate>Excluded</Indicate>
                <WritableAuxiliaries>Excluded</WritableAuxiliaries>
                <Broadcast>Excluded</Broadcast>
            </Properties>
            <Descriptors>
                <Descriptor name="Client Characteristic Configuration"
                            type="org.bluetooth.descriptor.gatt.client_characteristic_configuration">
                    <Requirement>Mandatory</Requirement>
                    <Properties>
                        <Read>Mandatory</Read>
                        <Write>Mandatory</Write>
                    </Properties>
                </Descriptor>
            </Descriptors>
        </Characteristic>
        <Characteristic name="Local Time Information" type="org.bluetooth.characteristic.local_time_information">
            <Requirement>Optional</Requirement>
            <Properties>
                <Read>Mandatory</Read>
                <Write>Optional</Write>
                <WriteWithoutResponse>Excluded</WriteWithoutResponse>
                <SignedWrite>Excluded</SignedWrite>
                <ReliableWrite>Excluded</ReliableWrite>
                <Notify>Excluded</Notify>
                <Indicate>Excluded</Indicate>
                <WritableAuxiliaries>Excluded</WritableAuxiliaries>
                <Broadcast>Excluded</Broadcast>
            </Properties>
        </Characteristic>
        <Characteristic name="Reference Time Information"
                        type="org.bluetooth.characteristic.reference_time_information">
            <Requirement>Optional</Requirement>
            <Properties>
                <Read>Mandatory</Read>
                <Write>Excluded</Write>
                <WriteWithoutResponse>Excluded</WriteWithoutResponse>
                <SignedWrite>Excluded</SignedWrite>
                <ReliableWrite>Excluded</ReliableWrite>
                <Notify>Excluded</Notify>
                <Indicate>Excluded</Indicate>
                <WritableAuxiliaries>Excluded</WritableAuxiliaries>
                <Broadcast>Excluded</Broadcast>
            </Properties>
        </Characteristic>
    </Characteristics>
</Service>
