<?xml version="1.0" encoding="UTF-8"?>
<Characteristic xsi:noNamespaceSchemaLocation="http://schemas.bluetooth.org/Documents/characteristic.xsd"
                xmlns:xsi="http://www.w3.org/2001/XMLSchema-instance" name="Temperature and humidity"
                type="com.oregonscientific.characteristic.temperature_and_humidity" uuid="74E78E10" last-modified="2018-01-24"
                approved="No">
    <Value>
        <Field name="Flags">
            <Requirement>Mandatory</Requirement>
            <Format>8bit</Format>
            <BitField>
                <Bit index="0" size="8" name="DataTypeFlag">
                    <Enumerations>
                        <Enumeration key="1" value="False" requires="C1"/> <!-- DATA_GENERAL_4_CH_TH_TYPE_0 -->
                        <Enumeration key="-126" value="True" requires="C2"/>  <!-- DATA_GENERAL_4_CH_TH_TYPE_1 -->
                    </Enumerations>
                </Bit>
            </BitField>
        </Field>
        <!-- DATA_GENERAL_4_CH_TH_TYPE_0 -->
        <Field name="Base temp">
            <Requirement>C1</Requirement>
            <Format>uint16</Format>
            <DecimalExponent>-1</DecimalExponent>
            <Unit>org.bluetooth.unit.thermodynamic_temperature.degree_celsius</Unit>
        </Field>
        <Field name="Sensor 1 temp">
            <Requirement>C1</Requirement>
            <Format>uint16</Format>
            <DecimalExponent>-1</DecimalExponent>
            <Unit>org.bluetooth.unit.thermodynamic_temperature.degree_celsius</Unit>
        </Field>
        <Field name="Sensor 2 temp">
            <Requirement>C1</Requirement>
            <Format>uint16</Format>
            <DecimalExponent>-1</DecimalExponent>
            <Unit>org.bluetooth.unit.thermodynamic_temperature.degree_celsius</Unit>
        </Field>
        <Field name="Sensor 3 temp">
            <Requirement>C1</Requirement>
            <Format>uint16</Format>
            <DecimalExponent>-1</DecimalExponent>
            <Unit>org.bluetooth.unit.thermodynamic_temperature.degree_celsius</Unit>
        </Field>
        <Field name="Base humidity">
            <Requirement>C1</Requirement>
            <Format>uint8</Format>
            <Unit>org.bluetooth.unit.percentage</Unit>
        </Field>
        <Field name="Sensor 1 humidity">
            <Requirement>C1</Requirement>
            <Format>uint8</Format>
            <Unit>org.bluetooth.unit.percentage</Unit>
        </Field>
        <Field name="Sensor 2 humidity">
            <Requirement>C1</Requirement>
            <Format>uint8</Format>
            <Unit>org.bluetooth.unit.percentage</Unit>
        </Field>
        <Field name="Sensor 3 humidity">
            <Requirement>C1</Requirement>
            <Format>uint8</Format>
            <Unit>org.bluetooth.unit.percentage</Unit>
        </Field>
        <Field name="Temperature trend">
            <Requirement>C1</Requirement>
            <Format>uint8</Format>
        </Field>
        <Field name="Humidity trend">
            <Requirement>C1</Requirement>
            <Format>uint8</Format>
        </Field>
        <Field name="Base humidity max">
            <Requirement>C1</Requirement>
            <Format>uint8</Format>
            <Unit>org.bluetooth.unit.percentage</Unit>
        </Field>
        <Field name="Base humidity min">
            <Requirement>C1</Requirement>
            <Format>uint8</Format>
            <Unit>org.bluetooth.unit.percentage</Unit>
        </Field>
        <Field name="Sensor 1 humidity max">
            <Requirement>C1</Requirement>
            <Format>uint8</Format>
            <Unit>org.bluetooth.unit.percentage</Unit>
        </Field>
        <Field name="Sensor 1 humidity min">
            <Requirement>C1</Requirement>
            <Format>uint8</Format>
            <Unit>org.bluetooth.unit.percentage</Unit>
        </Field>
        <Field name="Sensor 2 humidity max">
            <Requirement>C1</Requirement>
            <Format>uint8</Format>
            <Unit>org.bluetooth.unit.percentage</Unit>
        </Field>

        <!-- DATA_GENERAL_4_CH_TH_TYPE_1 -->
        <Field name="Sensor 2 humidity min">
            <Requirement>C2</Requirement>
            <Format>uint8</Format>
            <Unit>org.bluetooth.unit.percentage</Unit>
        </Field>
        <Field name="Sensor 3 humidity max">
            <Requirement>C2</Requirement>
            <Format>uint8</Format>
            <Unit>org.bluetooth.unit.percentage</Unit>
        </Field>
        <Field name="Sensor 3 humidity min">
            <Requirement>C2</Requirement>
            <Format>uint8</Format>
            <Unit>org.bluetooth.unit.percentage</Unit>
        </Field>
        <Field name="Base max temp">
            <Requirement>C2</Requirement>
            <Format>uint16</Format>
            <DecimalExponent>-1</DecimalExponent>
            <Unit>org.bluetooth.unit.thermodynamic_temperature.degree_celsius</Unit>
        </Field>
        <Field name="Base min temp">
            <Requirement>C2</Requirement>
            <Format>uint16</Format>
            <DecimalExponent>-1</DecimalExponent>
            <Unit>org.bluetooth.unit.thermodynamic_temperature.degree_celsius</Unit>
        </Field>
        <Field name="Sensor 1 max temp">
            <Requirement>C2</Requirement>
            <Format>uint16</Format>
            <DecimalExponent>-1</DecimalExponent>
            <Unit>org.bluetooth.unit.thermodynamic_temperature.degree_celsius</Unit>
        </Field>
        <Field name="Sensor 1 min temp">
            <Requirement>C2</Requirement>
            <Format>uint16</Format>
            <DecimalExponent>-1</DecimalExponent>
            <Unit>org.bluetooth.unit.thermodynamic_temperature.degree_celsius</Unit>
        </Field>
        <Field name="Sensor 2 max temp">
            <Requirement>C2</Requirement>
            <Format>uint16</Format>
            <DecimalExponent>-1</DecimalExponent>
            <Unit>org.bluetooth.unit.thermodynamic_temperature.degree_celsius</Unit>
        </Field>
        <Field name="Sensor 2 min temp">
            <Requirement>C2</Requirement>
            <Format>uint16</Format>
            <DecimalExponent>-1</DecimalExponent>
            <Unit>org.bluetooth.unit.thermodynamic_temperature.degree_celsius</Unit>
        </Field>
        <Field name="Sensor 3 max temp">
            <Requirement>C2</Requirement>
            <Format>uint16</Format>
            <DecimalExponent>-1</DecimalExponent>
            <Unit>org.bluetooth.unit.thermodynamic_temperature.degree_celsius</Unit>
        </Field>
        <Field name="Sensor 3 min temp">
            <Requirement>C2</Requirement>
            <Format>uint16</Format>
            <DecimalExponent>-1</DecimalExponent>
            <Unit>org.bluetooth.unit.thermodynamic_temperature.degree_celsius</Unit>
        </Field>
    </Value>
</Characteristic>
