<?xml version="1.0" encoding="UTF-8"?>
<Characteristic xsi:noNamespaceSchemaLocation="http://schemas.bluetooth.org/Documents/characteristic.xsd"
                xmlns:xsi="http://www.w3.org/2001/XMLSchema-instance" name="Temperature and humidity"
                type="com.xiaomi.bluetooth.characteristic.temp_and_humidity" uuid="226CAA55" last-modified="2018-01-30"
                approved="No">
    <Value>
        <Field name="Temperature and humidity">
            <Format>utf8s</Format>
            <Requirement>Mandatory</Requirement>
        </Field>
    </Value>
</Characteristic>