<?xml version="1.0" encoding="UTF-8"?><!--Copyright 2014 Bluetooth SIG, Inc. All rights reserved.--><Characteristic xsi:noNamespaceSchemaLocation="http://schemas.bluetooth.org/Documents/characteristic.xsd" xmlns:xsi="http://www.w3.org/2001/XMLSchema-instance" name="UV Index" type="org.bluetooth.characteristic.uv_index" uuid="2A76" last-modified="2014-11-20" approved="Yes"><Value><Field name="UV Index"><Requirement>Mandatory</Requirement><Format>uint8</Format><Unit>org.bluetooth.unit.unitless</Unit><DecimalExponent>0</DecimalExponent></Field></Value></Characteristic>