<?xml version="1.0" encoding="UTF-8"?><!--Copyright 2014 Bluetooth SIG, Inc. All rights reserved.--><Characteristic xsi:noNamespaceSchemaLocation="http://schemas.bluetooth.org/Documents/characteristic.xsd" xmlns:xsi="http://www.w3.org/2001/XMLSchema-instance" name="Dew Point" type="org.bluetooth.characteristic.dew_point" uuid="2A7B" last-modified="2014-11-20" approved="Yes"><Value><Field name="Dew Point"><InformativeText>Unit is in degrees celsius with a resolution of 1 degree Celsius</InformativeText><Requirement>Mandatory</Requirement><Format>sint8</Format><Unit>org.bluetooth.unit.thermodynamic_temperature.degree_celsius</Unit><DecimalExponent>0</DecimalExponent></Field></Value></Characteristic>