<?xml version="1.0" encoding="UTF-8"?><!--Copyright 2014 Bluetooth SIG, Inc. All rights reserved.--><Characteristic xsi:noNamespaceSchemaLocation="http://schemas.bluetooth.org/Documents/characteristic.xsd" xmlns:xsi="http://www.w3.org/2001/XMLSchema-instance" name="Age" type="org.bluetooth.characteristic.age" uuid="2A80" last-modified="2014-06-10" approved="Yes"><InformativeText><Abstract>Age of the User.</Abstract></InformativeText><Value><Field name="Age"><Requirement>Mandatory</Requirement><Format>uint8</Format><Unit>org.bluetooth.unit.time.year</Unit></Field></Value></Characteristic>