<?xml version="1.0" encoding="UTF-8"?><!--Copyright 2014 Bluetooth SIG, Inc. All rights reserved.--><Characteristic xsi:noNamespaceSchemaLocation="http://schemas.bluetooth.org/Documents/characteristic.xsd" xmlns:xsi="http://www.w3.org/2001/XMLSchema-instance" name="Weight Scale Feature" type="org.bluetooth.characteristic.weight_scale_feature" uuid="2A9E" last-modified="2014-10-17" approved="Yes"><Value><Field name="Weight Scale Feature"><Requirement>Mandatory</Requirement><Format>32bit</Format><BitField><Bit index="0" size="1" name="Time Stamp Supported"><Enumerations><Enumeration key="0" value="False" /><Enumeration key="1" value="True" /></Enumerations></Bit><Bit index="1" size="1" name="Multiple Users Supported"><Enumerations><Enumeration key="0" value="False" /><Enumeration key="1" value="True" /></Enumerations></Bit><Bit index="2" size="1" name="BMI Supported"><Enumerations><Enumeration key="0" value="False" /><Enumeration key="1" value="True" /></Enumerations></Bit><Bit index="3" size="4" name="Weight Measurement Resolution"><Enumerations><Enumeration key="0" value="Not Specified" /><Enumeration key="1" value="Resolution of 0.5 kg or 1 lb" /><Enumeration key="2" value="Resolution of 0.2 kg or 0.5 lb" /><Enumeration key="3" value="Resolution of 0.1 kg or 0.2 lb" /><Enumeration key="4" value="Resolution of 0.05 kg or 0.1 lb" /><Enumeration key="5" value="Resolution of 0.02 kg or 0.05 lb" /><Enumeration key="6" value="Resolution of 0.01 kg or 0.02 lb" /><Enumeration key="7" value="Resolution of 0.005 kg or 0.01 lb" /><ReservedForFutureUse start="8" end="15" /></Enumerations></Bit><Bit index="7" size="3" name="Height Measurement Resolution"><Enumerations><Enumeration key="0" value="Not Specified" /><Enumeration key="1" value="Resolution of 0.01 meter or 1 inch" /><Enumeration key="2" value="Resolution of 0.005 meter or 0.5 inch" /><Enumeration key="3" value="Resolution of 0.001 meter or 0.1 inch" /><ReservedForFutureUse start="4" end="7" /></Enumerations></Bit><ReservedForFutureUse index="10" size="22" /></BitField></Field></Value></Characteristic>