<?xml version="1.0" encoding="UTF-8"?><!--Copyright 2014 Bluetooth SIG, Inc. All rights reserved.--><Characteristic xsi:noNamespaceSchemaLocation="http://schemas.bluetooth.org/Documents/characteristic.xsd" xmlns:xsi="http://www.w3.org/2001/XMLSchema-instance" name="First Name" type="org.bluetooth.characteristic.first_name" uuid="2A8A" last-modified="2014-06-10" approved="Yes"><InformativeText><Abstract>First name of the user. See Note below.</Abstract></InformativeText><Value><Field name="First Name"><Requirement>Mandatory</Requirement><Format>utf8s</Format><Unit>org.bluetooth.unit.unitless</Unit></Field></Value><Note><p>The length of the utf8s-based UDS Characteristics is variable and may exceed the default ATT_MTU defined in the Core Specification.</p></Note></Characteristic>