<?xml version="1.0" encoding="UTF-8"?><!-- Copyright 2011 Bluetooth SIG, Inc. All rights reserved. -->
<Characteristic xsi:noNamespaceSchemaLocation="http://schemas.bluetooth.org/Documents/characteristic.xsd"
                xmlns:xsi="http://www.w3.org/2001/XMLSchema-instance" name="DST Offset"
                type="org.bluetooth.characteristic.dst_offset" uuid="2A0D">
    <InformativeText></InformativeText>
    <Value>
        <Field name="DST Offset">
            <Requirement>Mandatory</Requirement>
            <Format>uint8</Format>
            <Minimum>0</Minimum>
            <Maximum>8</Maximum>
            <Enumerations>
                <Enumeration key="0" value="Standard Time"/>
                <Enumeration key="2" value="Half An Hour Daylight Time (+0.5h)"/>
                <Enumeration key="4" value="Daylight Time (+1h)"/>
                <Enumeration key="8" value="Double Daylight Time (+2h)"/>
                <Reserved start="1" end="1"/>
                <Reserved start="3" end="3"/>
                <Reserved start="5" end="7"/>
                <Reserved start="9" end="254"/>
            </Enumerations>
            <AdditionalValues>
                <Enumeration key="255" value="DST is not known"/>
            </AdditionalValues>
        </Field>
    </Value>
</Characteristic>
