<?xml version="1.0" encoding="UTF-8"?><!--Copyright 2015 Bluetooth SIG, Inc. All rights reserved.--><Characteristic xsi:noNamespaceSchemaLocation="http://schemas.bluetooth.org/Documents/characteristic.xsd" xmlns:xsi="http://www.w3.org/2001/XMLSchema-instance" name="Object Name" type="org.bluetooth.characteristic.object_name" uuid="2ABE" last-modified="2015-11-23" approved="Yes"><Value><Field name="Object Name"><InformativeText>
                The length of the field value is variable from 0 octets to 120 octets.
			</InformativeText><Requirement>Mandatory</Requirement><Format>utf8s</Format><Description>The length of the field value is variable from 0 octets to 120 octets.</Description><DecimalExponent>0</DecimalExponent></Field></Value><Note><p>
        		Characters which require more than one octet when encoded in UTF-8 are transmitted with the leading byte first, followed by the continuation bytes ordered in accordance with UTF-8 encoding. In UTF-8, the leading byte is identified by possessing two or more high-order 1?s followed by a 0 while continuation bytes all have '10' in the high-order position.
        		
				Strings which consist of more than one character are transmitted in the following order: the character which appears furthest to the left when the string is presented in its written form shall be sent first, followed by the remaining characters in order.  
			</p></Note></Characteristic>