<?xml version="1.0" encoding="UTF-8"?><!--Copyright 2014 Bluetooth SIG, Inc. All rights reserved.--><Characteristic xsi:noNamespaceSchemaLocation="http://schemas.bluetooth.org/Documents/characteristic.xsd" xmlns:xsi="http://www.w3.org/2001/XMLSchema-instance" name="Two Zone Heart Rate Limit" type="org.bluetooth.characteristic.two_zone_heart_rate_limit" uuid="2A95" last-modified="2014-06-10" approved="Yes"><InformativeText><Abstract>Heart rate limit between the heart rate zones for the 2-zone heart rate definition (Fitness and Fat Burn).</Abstract></InformativeText><Value><Field name="Two zone Heart Rate Limit - Fat burn / Fitness Limit"><InformativeText>
            Unit is in beats per minute with a resolution of 1
		</InformativeText><Requirement>Mandatory</Requirement><Format>uint8</Format><Unit>org.bluetooth.unit.period.beats_per_minute</Unit><DecimalExponent>0</DecimalExponent></Field></Value></Characteristic>