<?xml version="1.0" encoding="UTF-8"?><!--Copyright 2014 Bluetooth SIG, Inc. All rights reserved.-->
<Characteristic xsi:noNamespaceSchemaLocation="http://schemas.bluetooth.org/Documents/characteristic.xsd"
                xmlns:xsi="http://www.w3.org/2001/XMLSchema-instance" name="Date of Birth"
                type="org.bluetooth.characteristic.date_of_birth" uuid="2A85" last-modified="2014-06-10"
                approved="Yes">
    <Value>
        <Field name="Year">
            <InformativeText>Year as defined by the Gregorian calendar.</InformativeText>
            <Requirement>Mandatory</Requirement>
            <Format>uint16</Format>
            <Unit>org.bluetooth.unit.time.year</Unit>
            <Minimum>1582</Minimum>
            <Maximum>9999</Maximum>
            <AdditionalValues>
                <Enumeration key="0" value="Year is not known"/>
            </AdditionalValues>
        </Field>
        <Field name="Month">
            <InformativeText>Month of the year as defined by the Gregorian calendar.</InformativeText>
            <Requirement>Mandatory</Requirement>
            <Format>uint8</Format>
            <Unit>org.bluetooth.unit.time.month</Unit>
            <Minimum>0</Minimum>
            <Maximum>12</Maximum>
            <Enumerations>
                <Enumeration key="0" value="Month is not known"/>
                <Enumeration key="1" value="January"/>
                <Enumeration key="2" value="February"/>
                <Enumeration key="3" value="March"/>
                <Enumeration key="4" value="April"/>
                <Enumeration key="5" value="May"/>
                <Enumeration key="6" value="June"/>
                <Enumeration key="7" value="July"/>
                <Enumeration key="8" value="August"/>
                <Enumeration key="9" value="September"/>
                <Enumeration key="10" value="October"/>
                <Enumeration key="11" value="November"/>
                <Enumeration key="12" value="December"/>
            </Enumerations>
        </Field>
        <Field name="Day">
            <InformativeText>Day of the month as defined by the Gregorian calendar.</InformativeText>
            <Requirement>Mandatory</Requirement>
            <Format>uint8</Format>
            <Unit>org.bluetooth.unit.time.day</Unit>
            <Minimum>0</Minimum>
            <Maximum>31</Maximum>
            <AdditionalValues>
                <Enumeration key="0" value="Day of Month is not known"/>
            </AdditionalValues>
        </Field>
    </Value>
    <Note>
        <p>
            The fields in the above table are in the order of LSO to MSO. Where LSO = Least Significant Octet and MSO =
            Most Significant Octet.
        </p>
    </Note>
</Characteristic>
