<?xml version="1.0" encoding="UTF-8"?><!-- Created with Liquid XML Studio Designer Edition 9.1.10.3537 (http://www.liquid-technologies.com) --><!--Copyright 2011 Bluetooth SIG, Inc. All rights reserved.--><Characteristic xsi:noNamespaceSchemaLocation="http://schemas.bluetooth.org/Documents/characteristic.xsd" xmlns:xsi="http://www.w3.org/2001/XMLSchema-instance" name="Glucose Feature" type="org.bluetooth.characteristic.glucose_feature" uuid="2A51" last-modified="2011-11-25" approved="Yes"><InformativeText><Summary>
            The Glucose Feature characteristic is used to describe the supported features of the Server. When read, the Glucose Feature characteristic returns a value that is used by a Client to determine the supported features of the Server.
        </Summary></InformativeText><Value><Field name="Glucose Feature"><Requirement>Mandatory</Requirement><Format>16bit</Format><BitField><Bit index="0" size="1" name="Low Battery Detection During Measurement Supported"><Enumerations><Enumeration key="0" value="False" /><Enumeration key="1" value="True" /></Enumerations></Bit><Bit index="1" size="1" name="Sensor Malfunction Detection Supported"><Enumerations><Enumeration key="0" value="False" /><Enumeration key="1" value="True" /></Enumerations></Bit><Bit index="2" size="1" name="Sensor Sample Size Supported"><Enumerations><Enumeration key="0" value="False" /><Enumeration key="1" value="True" /></Enumerations></Bit><Bit index="3" size="1" name="Sensor Strip Insertion Error Detection Supported"><Enumerations><Enumeration key="0" value="False" /><Enumeration key="1" value="True" /></Enumerations></Bit><Bit index="4" size="1" name="Sensor Strip Type Error Detection Supported"><Enumerations><Enumeration key="0" value="False" /><Enumeration key="1" value="True" /></Enumerations></Bit><Bit index="5" size="1" name="Sensor Result High-Low Detection Supported"><Enumerations><Enumeration key="0" value="False" /><Enumeration key="1" value="True" /></Enumerations></Bit><Bit index="6" size="1" name="Sensor Temperature High-Low Detection Supported"><Enumerations><Enumeration key="0" value="False" /><Enumeration key="1" value="True" /></Enumerations></Bit><Bit index="7" size="1" name="Sensor Read Interrupt Detection Supported"><Enumerations><Enumeration key="0" value="False" /><Enumeration key="1" value="True" /></Enumerations></Bit><Bit index="8" size="1" name="General Device Fault Supported"><Enumerations><Enumeration key="0" value="False" /><Enumeration key="1" value="True" /></Enumerations></Bit><Bit index="9" size="1" name="Time Fault Supported"><Enumerations><Enumeration key="0" value="False" /><Enumeration key="1" value="True" /></Enumerations></Bit><Bit index="10" size="1" name="Multiple Bond Supported"><Enumerations><Enumeration key="0" value="False" /><Enumeration key="1" value="True" /></Enumerations></Bit><ReservedForFutureUse index="11" size="5" /></BitField></Field></Value></Characteristic>