<?xml version="1.0" encoding="UTF-8"?><!-- Copyright 2011 Bluetooth SIG, Inc. All rights reserved. -->
<Characteristic xsi:noNamespaceSchemaLocation="http://schemas.bluetooth.org/Documents/characteristic.xsd"
                xmlns:xsi="http://www.w3.org/2001/XMLSchema-instance" name="Reconnection Address"
                type="org.bluetooth.characteristic.gap.reconnection_address" uuid="2A03">
    <InformativeText>
        <Abstract>The Information included in this page is informative. The normative descriptions are contained in the
            applicable specification.
        </Abstract>
    </InformativeText>
    <Value>
        <Field name="Address">
            <InformativeText>This is a non-resolvable private address</InformativeText>
            <Requirement>Mandatory</Requirement>
            <Format>uint48</Format>
        </Field>
    </Value>
</Characteristic>
