<?xml version="1.0" encoding="UTF-8"?><!--Copyright 2015 Bluetooth SIG, Inc. All rights reserved.--><Characteristic xsi:noNamespaceSchemaLocation="http://schemas.bluetooth.org/Documents/characteristic.xsd" xmlns:xsi="http://www.w3.org/2001/XMLSchema-instance" type="org.bluetooth.characteristic.local_east_coordinate" uuid="2AB1" name="Local East Coordinate" last-modified="2015-05-19" approved="Yes"><InformativeText><Abstract>
			The Local East characteristic describes the East coordinate of the device using local coordinate system.
		</Abstract></InformativeText><Value><Field name="Local East Coordinate"><Requirement>Mandatory</Requirement><Format>sint16</Format></Field></Value></Characteristic>