<?xml version="1.0" encoding="utf-8"?><!--<?xml-stylesheet type="text/xsl" href="FieldBasedDisplay.xslt"?>--><!-- Created with Liquid XML Studio Designer Edition 9.1.10.3537 (http://www.liquid-technologies.com) --><!--Copyright 2011 Bluetooth SIG, Inc. All rights reserved.--><Characteristic xsi:noNamespaceSchemaLocation="http://schemas.bluetooth.org/Documents/characteristic.xsd" xmlns:xsi="http://www.w3.org/2001/XMLSchema-instance" name="LN Feature" type="org.bluetooth.characteristic.ln_feature" uuid="2A6A" last-modified="2013-05-13" approved="Yes"><InformativeText><Summary>The LN Feature characteristic is used to report a list of features supported by the device.</Summary></InformativeText><Value><Field name="LN Feature"><Requirement>Mandatory</Requirement><Format>32bit</Format><BitField><Bit index="0" size="1" name="Instantaneous Speed Supported"><Enumerations><Enumeration key="0" value="False" /><Enumeration key="1" value="True" /></Enumerations></Bit><Bit index="1" size="1" name="Total Distance Supported"><Enumerations><Enumeration key="0" value="False" /><Enumeration key="1" value="True" /></Enumerations></Bit><Bit index="2" size="1" name="Location Supported"><Enumerations><Enumeration key="0" value="False" /><Enumeration key="1" value="True" /></Enumerations></Bit><Bit index="3" size="1" name="Elevation Supported"><Enumerations><Enumeration key="0" value="False" /><Enumeration key="1" value="True" /></Enumerations></Bit><Bit index="4" size="1" name="Heading Supported"><Enumerations><Enumeration key="0" value="False" /><Enumeration key="1" value="True" /></Enumerations></Bit><Bit index="5" size="1" name="Rolling Time Supported"><Enumerations><Enumeration key="0" value="False" /><Enumeration key="1" value="True" /></Enumerations></Bit><Bit index="6" size="1" name="UTC Time Supported"><Enumerations><Enumeration key="0" value="False" /><Enumeration key="1" value="True" /></Enumerations></Bit><Bit index="7" size="1" name="Remaining Distance Supported"><Enumerations><Enumeration key="0" value="False" /><Enumeration key="1" value="True" /></Enumerations></Bit><Bit index="8" size="1" name="Remaining Vertical Distance Supported"><Enumerations><Enumeration key="0" value="False" /><Enumeration key="1" value="True" /></Enumerations></Bit><Bit index="9" size="1" name="Estimated Time of Arrival Supported"><Enumerations><Enumeration key="0" value="False" /><Enumeration key="1" value="True" /></Enumerations></Bit><Bit index="10" size="1" name="Number of Beacons in Solution Supported"><Enumerations><Enumeration key="0" value="False" /><Enumeration key="1" value="True" /></Enumerations></Bit><Bit index="11" size="1" name="Number of Beacons in View Supported"><Enumerations><Enumeration key="0" value="False" /><Enumeration key="1" value="True" /></Enumerations></Bit><Bit index="12" size="1" name="Time to First Fix Supported"><Enumerations><Enumeration key="0" value="False" /><Enumeration key="1" value="True" /></Enumerations></Bit><Bit index="13" size="1" name="Estimated Horizontal Position Error Supported"><Enumerations><Enumeration key="0" value="False" /><Enumeration key="1" value="True" /></Enumerations></Bit><Bit index="14" size="1" name="Estimated Vertical Position Error Supported"><Enumerations><Enumeration key="0" value="False" /><Enumeration key="1" value="True" /></Enumerations></Bit><Bit index="15" size="1" name="Horizontal Dilution of Precision Supported"><Enumerations><Enumeration key="0" value="False" /><Enumeration key="1" value="True" /></Enumerations></Bit><Bit index="16" size="1" name="Vertical Dilution of Precision Supported"><Enumerations><Enumeration key="0" value="False" /><Enumeration key="1" value="True" /></Enumerations></Bit><Bit index="17" size="1" name="Location and Speed Characteristic Content Masking Supported"><Enumerations><Enumeration key="0" value="False" /><Enumeration key="1" value="True" /></Enumerations></Bit><Bit index="18" size="1" name="Fix Rate Setting Supported"><Enumerations><Enumeration key="0" value="False" /><Enumeration key="1" value="True" /></Enumerations></Bit><Bit index="19" size="1" name="Elevation Setting Supported"><Enumerations><Enumeration key="0" value="False" /><Enumeration key="1" value="True" /></Enumerations></Bit><Bit index="20" size="1" name="Position Status Supported"><Enumerations><Enumeration key="0" value="False" /><Enumeration key="1" value="True" /></Enumerations></Bit><ReservedForFutureUse index="21" size="11" /></BitField></Field></Value><Note>        
       The fields in the above table, reading from top to bottom, are shown in the order of LSO to MSO, where LSO = Least Significant Octet and MSO = Most Significant Octet.
       The Least Significant Octet represents the eight bits numbered 0 to 7.
    </Note></Characteristic>