<?xml version="1.0" encoding="utf-8"?><!-- Copyright 2011 Bluetooth SIG, Inc. All rights reserved. --><Characteristic xsi:noNamespaceSchemaLocation="http://schemas.bluetooth.org/Documents/characteristic.xsd" xmlns:xsi="http://www.w3.org/2001/XMLSchema-instance" type="org.bluetooth.characteristic.ieee_11073-20601_regulatory_certification_data_list" uuid="2A2A" name="IEEE 11073-20601 Regulatory Certification Data List" last-modified="2011-05-24" approved="Yes"><InformativeText><Abstract>
    The value of the characteristic is an opaque structure listing various regulatory and/or certification compliance items to which the device claims adherence.            
		</Abstract><Summary><p>The content of this characteristic is determined by the Authorizing Organization that provides Certifications. Refer to 11073-20601 [1] or Continua Design Guidelines [2] for more information on the format of this list. </p><p> [1]	IEEE Std 11073-20601 ?- 2008 Health Informatics - Personal Health Device Communication - Application Profile - Optimized Exchange Protocol - version 1.0 or later </p><p>[2]	Continua Design Guidelines - Continua Health Alliance; http://www.continuaalliance.org</p></Summary></InformativeText><Value><Field name="Data"><Requirement>Mandatory</Requirement><Format>reg-cert-data-list</Format></Field></Value></Characteristic>