<?xml version="1.0" encoding="UTF-8"?><!-- Copyright 2011 Bluetooth SIG, Inc. All rights reserved. -->
<Characteristic xsi:noNamespaceSchemaLocation="http://schemas.bluetooth.org/Documents/characteristic.xsd"
                xmlns:xsi="http://www.w3.org/2001/XMLSchema-instance" name="Day Date Time"
                type="org.bluetooth.characteristic.day_date_time" uuid="2A0A">
    <InformativeText></InformativeText>
    <Value>
        <Field name="Date Time">
            <Requirement>Mandatory</Requirement>
            <Reference>
                org.bluetooth.characteristic.date_time
            </Reference>
        </Field>
        <Field name="Day of Week">
            <Requirement>Mandatory</Requirement>
            <Reference>
                org.bluetooth.characteristic.day_of_week
            </Reference>
        </Field>
    </Value>
    <Note>
        The fields in the above table are in the order of LSO to MSO. Where LSO = Least Significant Octet and MSO =
        Most Significant Octet.
    </Note>
</Characteristic>
