<?xml version="1.0" encoding="UTF-8"?><!--Copyright 2011 Bluetooth SIG, Inc. All rights reserved.--><Characteristic xsi:noNamespaceSchemaLocation="http://schemas.bluetooth.org/Documents/characteristic.xsd" xmlns:xsi="http://www.w3.org/2001/XMLSchema-instance" name="RSC Feature" type="org.bluetooth.characteristic.rsc_feature" uuid="2A54" last-modified="2012-03-22" approved="Yes"><InformativeText><Summary>
            The RSC (Running Speed and Cadence) Feature characteristic is used to describe the supported features of the Server.
        </Summary></InformativeText><Value><Field name="RSC Feature"><Requirement>Mandatory</Requirement><Format>16bit</Format><BitField><Bit index="0" size="1" name="Instantaneous Stride Length Measurement Supported"><Enumerations><Enumeration key="0" value="False" /><Enumeration key="1" value="True" /></Enumerations></Bit><Bit index="1" size="1" name="Total Distance Measurement Supported"><Enumerations><Enumeration key="0" value="False" /><Enumeration key="1" value="True" /></Enumerations></Bit><Bit index="2" size="1" name="Walking or Running Status Supported"><Enumerations><Enumeration key="0" value="False" /><Enumeration key="1" value="True" /></Enumerations></Bit><Bit index="3" size="1" name="Calibration Procedure Supported"><Enumerations><Enumeration key="0" value="False" /><Enumeration key="1" value="True" /></Enumerations></Bit><Bit index="4" size="1" name="Multiple Sensor Locations Supported"><Enumerations><Enumeration key="0" value="False" /><Enumeration key="1" value="True" /></Enumerations></Bit><ReservedForFutureUse index="5" size="11" /></BitField></Field></Value></Characteristic>