<?xml version="1.0" encoding="UTF-8"?><!--Copyright 2015 Bluetooth SIG, Inc. All rights reserved.-->
<Characteristic xsi:noNamespaceSchemaLocation="http://schemas.bluetooth.org/Documents/characteristic.xsd"
                xmlns:xsi="http://www.w3.org/2001/XMLSchema-instance" last-modified="2015-05-18"
                name="HTTP Entity Body" type="org.bluetooth.characteristic.http_entity_body" uuid="2AB9"
                approved="Yes">
    <InformativeText>
        <Abstract>
            The HTTP Entity Body Characteristic contains the contents of the message body after any Transfer Encoding
            has been applied.
        </Abstract>
    </InformativeText>
    <Value>
        <Field name="HTTP Entity Body">
            <InformativeText>
                The HTTP entity body used in the HTTP request.
            </InformativeText>
            <Requirement>Mandatory</Requirement>
            <Format>utf8s</Format>
        </Field>
    </Value>
</Characteristic>
