<?xml version="1.0" encoding="UTF-8"?><!-- Copyright 2011 Bluetooth SIG, Inc. All rights reserved. -->
<Characteristic xsi:noNamespaceSchemaLocation="http://schemas.bluetooth.org/Documents/characteristic.xsd"
                xmlns:xsi="http://www.w3.org/2001/XMLSchema-instance" name="Exact Time 256"
                type="org.bluetooth.characteristic.exact_time_256" uuid="2A0C">
    <InformativeText></InformativeText>
    <Value>
        <Field name="Day Date Time">
            <InformativeText>Reference the Time Characteristic</InformativeText>
            <Requirement>Mandatory</Requirement>
            <Reference>org.bluetooth.characteristic.day_date_time</Reference>
        </Field>
        <Field name="Fractions256">
            <InformativeText>1/256th of a second</InformativeText>
            <Requirement>Mandatory</Requirement>
            <Format>uint8</Format>
            <Minimum>0</Minimum>
            <Maximum>255</Maximum>
        </Field>
    </Value>
    <Note>
        The fields in the above table are in the order of LSO to MSO. Where LSO = Least Significant Octet and MSO =
        Most Significant Octet.
    </Note>
</Characteristic>
